[
  {
    "id": "dc0c5577-9c4c-4684-9eea-61cf478694ec",
    "data": [
      {
        "text": "Ich heiße ",
        "userDefined": false
      },
      {
        "text": "Name",
        "alias": "given-name",
        "meta": "@sys.given-name",
        "userDefined": true
      }
    ],
    "isTemplate": false,
    "count": 0,
    "updated": 1524777924
  },
  {
    "id": "8870b7b1-5215-4f5e-ab11-73625e9753d9",
    "data": [
      {
        "text": "Mein Name ist ",
        "userDefined": false
      },
      {
        "text": "Name",
        "alias": "given-name",
        "meta": "@sys.given-name",
        "userDefined": true
      }
    ],
    "isTemplate": false,
    "count": 0,
    "updated": 1524777924
  },
  {
    "id": "2f03ca07-92a0-4b07-94df-8ddb6477b37a",
    "data": [
      {
        "text": "Ich bin ",
        "userDefined": false
      },
      {
        "text": "Name",
        "alias": "given-name",
        "meta": "@sys.given-name",
        "userDefined": true
      }
    ],
    "isTemplate": false,
    "count": 0,
    "updated": 1524777924
  },
  {
    "id": "e98f8f7c-a1cb-4fd0-ab88-353ab14b271b",
    "data": [
      {
        "text": "Name",
        "alias": "given-name",
        "meta": "@sys.given-name",
        "userDefined": true
      }
    ],
    "isTemplate": false,
    "count": 0,
    "updated": 1524777924
  }
]