[
  {
    "id": "bc57ab01-7cf0-4821-aab9-d07157166290",
    "data": [
      {
        "text": "Starte",
        "userDefined": false
      }
    ],
    "isTemplate": false,
    "count": 0,
    "updated": 1524776045
  },
  {
    "id": "2b9bcfb2-40a4-43b2-b337-dd2419ae4c85",
    "data": [
      {
        "text": "Beginne Pomodoro",
        "userDefined": false
      }
    ],
    "isTemplate": false,
    "count": 0,
    "updated": 1524776045
  },
  {
    "id": "14767efe-8269-4f79-87e7-c4529ce0f4df",
    "data": [
      {
        "text": "Starte Pomodoro",
        "userDefined": false
      }
    ],
    "isTemplate": false,
    "count": 0,
    "updated": 1524776045
  }
]