[
  {
    "id": "efd2aa53-2cca-4f42-a67b-dba5e682a832",
    "data": [
      {
        "text": "Stop",
        "userDefined": false
      }
    ],
    "isTemplate": false,
    "count": 0,
    "updated": 1524776019
  },
  {
    "id": "44d1592d-d84f-4a94-8487-e4367b65cfb1",
    "data": [
      {
        "text": "Stop Pomodoro",
        "userDefined": false
      }
    ],
    "isTemplate": false,
    "count": 0,
    "updated": 1524776019
  },
  {
    "id": "faccabec-85ce-42bc-a667-4329d5b0588e",
    "data": [
      {
        "text": "Beende Pomodoro",
        "userDefined": false
      }
    ],
    "isTemplate": false,
    "count": 0,
    "updated": 1524771784
  }
]